<BATCH xmlns:xsi="http://www.w3.org/2001/XMLSchema-instance" xmlns:xsd="http://www.w3.org/2001/XMLSchema" xmlns="urn:mclsoftware.co.uk:hunterII">
  <HEADER>
    <COUNT>1</COUNT>
    <ORIGINATOR>VWFS</ORIGINATOR>
  </HEADER>
  <SUBMISSIONS>
    <SUBMISSION>
      <IDENTIFIER>444445</IDENTIFIER>
      <PRODUCT>AUDI_I_SOU</PRODUCT>
      <CLASSIFICATION>UNKNOWN</CLASSIFICATION>
      <DATE>2017-08-23</DATE>
      <APP_DTE>2015-01-23</APP_DTE>
      <APP_VAL>470000</APP_VAL>
	    <MA>
        <PAN>AJWPM1234A</PAN>
        <FST_NME>MALARVIZHI  A</FST_NME>
		<LST_NME>SHAH</LST_NME>
        <DOB>1969-12-04</DOB>
        <AGE>45</AGE>
        <GNDR>2</GNDR>
        <MAR_STT>0</MAR_STT>
        <INC>2500</INC>
        <NAT_CDE>RESIDENT INDIAN</NAT_CDE>
        <MA_CA>
          <ADD>NO:24, SIVAN KOVIL STREETPANAPAKKAMKOLUR (P)PONNERI, THIRUVALLUR</ADD>
          <CTY>CHENNAI</CTY>
          <STE>DAMAN AND DIU</STE> 
          <CTRY>INDIA</CTRY>
          <PIN>601201</PIN>
          <TME_ADD>45</TME_ADD>
        </MA_CA>
        <MA_PMA>
          <ADD>MISSING</ADD>
          <CTY>MISSING</CTY>
          <STE>MISSING</STE>
          <PIN>999</PIN>
        </MA_PA>
		        <MA_PMA>
          <ADD>MISSING</ADD>
          <CTY>MISSING</CTY>
          <STE>MISSING</STE>
          <PIN>999</PIN>
        </MA_PA>
		        </MA_PA>
		        <MA_PMA>
          <ADD>MISSING</ADD>
          <CTY>MISSING</CTY>
          <STE>MISSING</STE>
          <PIN>999</PIN>
        </MA_PA>
        <MA_HT>
          <TEL_NO>022280590490</TEL_NO>
        </MA_HT>
        <MA_MT>
          <TEL_NO>9123201476</TEL_NO>
        </MA_MT>
        <MA_BT>
          <TEL_NO>0129600876362</TEL_NO>
        </MA_BT>
		<MA_EMA>
		<EMA_ADD>Vivek@yahoo.com</EMA_ADD>
		</MA_EMA>
		<MA_EMA>
		<EMA_ADD>Vivek@gmail.com</EMA_ADD>
		</MA_EMA>
        <MA_ID>
          <DOC_TYP>14</DOC_TYP>
          <DOC_NO>04/G/0342225</DOC_NO>
        </MA_ID>
		 <MA_ID>
          <DOC_TYP>14</DOC_TYP>
          <DOC_NO>04/G/0342225</DOC_NO>
        </MA_ID>
		 <MA_ID>
          <DOC_TYP>14</DOC_TYP>
          <DOC_NO>04/G/0342225</DOC_NO>
        </MA_ID>
		 <MA_ID>
          <DOC_TYP>14</DOC_TYP>
          <DOC_NO>04/G/0342225</DOC_NO>
        </MA_ID>
        <MA_EMP>
          <ORG_NME>CULTIVATION</ORG_NME>
          <EMP_STT>1</EMP_STT>
          <MA_EMP_AD>
            <ADD>NO:24, SIVAN KOVIL STREETPANAPAKKAMKOLUR (P)PONNERI, THIRUVALLUR</ADD>
            <CTY>CHENNAI</CTY>
            <STE>TAMIL NADU</STE>
            <CTRY>INDIA</CTRY>
            <PIN>601201</PIN>
          </MA_EMP_AD>
          <MA_EMP_BT>
            <TEL_NO>0129600876362</TEL_NO>
          </MA_EMP_BT>
        </MA_EMP>
      </MA>
      <JA>
        <PAN>AJEWPA1234M</PAN>
        <FST_NME>ANBALAGAN  V</FST_NME>
        <DOB>1957-02-30</DOB>
        <AGE>57</AGE>
        <GNDR>2</GNDR>
        <MAR_STT>0</MAR_STT>
        <INC>0</INC>
        <NAT_CDE>RESIDENT INDIAN</NAT_CDE>
        <JA_CA>
          <ADD>NO:24, SIVAN KOVIL STREETPANAPAKKAMKOLUR (P)PONNERI, THIRUVALLUR</ADD>
          <CTY>CHENNAI</CTY>
          <STE>TAMIL NADU</STE>
          <CTRY>INDIA</CTRY>
          <PIN>601201</PIN>
          <TME_ADD>57</TME_ADD>
        </JA_CA>
        <JA_ID>
          <DOC_TYP>14</DOC_TYP>
          <DOC_NO>TN040160021955</DOC_NO>
        </JA_ID>
      </JA>
      <RF>
        <FST_NME>UMAPATHI </FST_NME>
        <RF_CA>
          <ADD>PONNERITHIRUVALLUR</ADD>
          <CTY>CHENNAI</CTY>
          <PIN>601201</PIN>
        </RF_CA>
        <RF_HT>
          <TEL_NO>9512619266</TEL_NO>
        </RF_HT>
        <RF_MT>
          <TEL_NO>9123201476</TEL_NO>
        </RF_MT>
      </RF>
      <BR>
        <ORG_NME>VE523 NO TEAM LEADER</ORG_NME>
        <ORG_CD>UBL SALES</ORG_CD>
        <BR_ADD>
          <ADD>ASC VELLORE</ADD>
          <CTY>VELLORE</CTY>
          <STE>TAMIL NADU</STE>
          <CTRY>INDIA</CTRY>
        </BR_ADD>
      </BR>
    </SUBMISSION>
	
	    <SUBMISSION>
      <IDENTIFIER>12345</IDENTIFIER>
      <PRODUCT>HL_I_WS</PRODUCT>
      <CLASSIFICATION>UNKNOWN</CLASSIFICATION>
      <DATE>2015-01-24</DATE>
      <APP_DTE>2015-01-23</APP_DTE>
      <APP_VAL>470000</APP_VAL>
	    <MA>
        <PAN>AJWPM1234A</PAN>
        <FST_NME>MALARVIZHI  A</FST_NME>
		<LST_NME>SHAH</LST_NME>
        <DOB>1969-12-04</DOB>
        <AGE>45</AGE>
        <GNDR>3</GNDR>
        <MAR_STT>0</MAR_STT>
        <INC>2500</INC>
        <NAT_CDE>RESIDENT INDIAN</NAT_CDE>
        <MA_CA>
          <ADD>NO:24, SIVAN KOVIL STREETPANAPAKKAMKOLUR (P)PONNERI, THIRUVALLUR</ADD>
          <CTY>CHENNAI</CTY>
          <STE>TAMIL NADU</STE>
          <CTRY>INDIA</CTRY>
          <PIN>601201</PIN>
          <TME_ADD>45</TME_ADD>
        </MA_CA>
        <MA_PMA>
          <ADD>MISSING</ADD>
          <CTY>MISSING</CTY>
          <STE>MISSING</STE>
          <PIN>999</PIN>
        </MA_PA>
		        <MA_PMA>
          <ADD>MISSING</ADD>
          <CTY>MISSING</CTY>
          <STE>MISSING</STE>
          <PIN>999</PIN>
        </MA_PA>
		        </MA_PA>
		        <MA_PMA>
          <ADD>MISSING</ADD>
          <CTY>MISSING</CTY>
          <STE>MISSING</STE>
          <PIN>999</PIN>
        </MA_PA>
        <MA_HT>
          <TEL_NO>0129600876362</TEL_NO>
        </MA_HT>
        <MA_MT>
          <TEL_NO>9123201476</TEL_NO>
        </MA_MT>
        <MA_BT>
          <TEL_NO>0129600876362</TEL_NO>
        </MA_BT>
        <MA_ID>
          <DOC_TYP>14</DOC_TYP>
          <DOC_NO>04/G/0342225</DOC_NO>
        </MA_ID>
        <MA_EMP>
          <ORG_NME>CULTIVATION</ORG_NME>
          <EMP_STT>1</EMP_STT>
          <MA_EMP_AD>
            <ADD>NO:24, SIVAN KOVIL STREETPANAPAKKAMKOLUR (P)PONNERI, THIRUVALLUR</ADD>
            <CTY>CHENNAI</CTY>
            <STE>TAMIL NADU</STE>
            <CTRY>INDIA</CTRY>
            <PIN>601201</PIN>
          </MA_EMP_AD>
          <MA_EMP_BT>
            <TEL_NO>0129600876362</TEL_NO>
          </MA_EMP_BT>
        </MA_EMP>
      </MA>
      <JA>
        <PAN>AJEWPA1234M</PAN>
        <FST_NME>ANBALAGAN  V</FST_NME>
        <DOB>1957-02-30</DOB>
        <AGE>57</AGE>
        <GNDR>2</GNDR>
        <MAR_STT>0</MAR_STT>
        <INC>0</INC>
        <NAT_CDE>RESIDENT INDIAN</NAT_CDE>
        <JA_CA>
          <ADD>NO:24, SIVAN KOVIL STREETPANAPAKKAMKOLUR (P)PONNERI, THIRUVALLUR</ADD>
          <CTY>CHENNAI</CTY>
          <STE>TAMIL NADU</STE>
          <CTRY>INDIA</CTRY>
          <PIN>601201</PIN>
          <TME_ADD>57</TME_ADD>
        </JA_CA>
        <JA_ID>
          <DOC_TYP>14</DOC_TYP>
          <DOC_NO>TN040160021955</DOC_NO>
        </JA_ID>
      </JA>
      <RF>
        <FST_NME>UMAPATHI </FST_NME>
        <RF_CA>
          <ADD>PONNERITHIRUVALLUR</ADD>
          <CTY>CHENNAI</CTY>
          <PIN>601201</PIN>
        </RF_CA>
        <RF_HT>
          <TEL_NO>9512619266</TEL_NO>
        </RF_HT>
        <RF_MT>
          <TEL_NO>9123201476</TEL_NO>
        </RF_MT>
      </RF>
      <BR>
        <ORG_NME>VE523 NO TEAM LEADER</ORG_NME>
        <ORG_CD>UBL SALES</ORG_CD>
        <BR_ADD>
          <ADD>ASC VELLORE</ADD>
          <CTY>VELLORE</CTY>
          <STE>TAMIL NADU</STE>
          <CTRY>INDIA</CTRY>
        </BR_ADD>
      </BR>
    </SUBMISSION>
  </SUBMISSIONS>
</BATCH>