<?xml version="1.0" encoding="utf-8"?>
<ResultBlock>
  <MatchSummary matches="0">
    <TotalMatchScore />
  </MatchSummary>
  <ErrorWarnings>
    <Errors errorCount="0" />
    <Warnings warningCount="1">
      <Warning>
        <Number>102009</Number>
        <Message>Match schemes not used</Message>
        <Values>
          <Value>193</Value>
          <Value>194</Value>
          <Value>196</Value>
          <Value>28</Value>
          <Value>234</Value>
        </Values>
      </Warning>
    </Warnings>
  </ErrorWarnings>
</ResultBlock>