<ResultBlock>
  <MatchSummary matches="1">
    <TotalMatchScore>210</TotalMatchScore>
    <Rules totalRuleCount="5">
      <Rule ruleCount="4">
        <RuleID>VWFS_VEL_ADD</RuleID>
        <Score>30</Score>
      </Rule>
	   <Rule ruleCount="1">
        <RuleID>NH_NC_PAN</RuleID>
        <Score>90</Score>
      </Rule>
    </Rules>
    <MatchSchemes schemeCount="1">
      <Scheme>
        <SchemeID>15</SchemeID>
        <Score>120</Score>
      </Scheme>
    </MatchSchemes>
  </MatchSummary>
  <ErrorWarnings>
    <Errors errorCount="0" />
    <Warnings warningCount="1">
      <Warning>
        <Number>102009</Number>
        <Message>Match schemes not used</Message>
        <Values>
          <Value>193</Value>
          <Value>194</Value>
          <Value>196</Value>
          <Value>28</Value>
          <Value>234</Value>
        </Values>
      </Warning>
    </Warnings>
  </ErrorWarnings>
</ResultBlock>