<?xml version="1.0" encoding="utf-8"?>
<ControlBlock xmlns="urn:mclsoftware.co.uk:hunterII" xmlns:xsi="http://www.w3.org/2001/XMLSchema-instance">
<Customer>
<CustomerID>77</CustomerID>
<CustomerName>PNBH</CustomerName>
</Customer>
<Loading>
<SubmissionLoad>1</SubmissionLoad>
<SuppressVersion flag="0" />
</Loading>
<Matching>
<MatchSchemeSet>
<SchemeSetID>21</SchemeSetID>
<SchemeSetID>811</SchemeSetID>
</MatchSchemeSet>
<PersistMatches>1</PersistMatches>
<WorklistInsert>1</WorklistInsert>
</Matching>
<Results>
<RsltCode>1</RsltCode>
</Results>
</ControlBlock>