<beans xmlns="http://www.springframework.org/schema/beans"
	xmlns:xsi="http://www.w3.org/2001/XMLSchema-instance" xmlns:tx="http://www.springframework.org/schema/tx"
	xsi:schemaLocation="http://www.springframework.org/schema/beans
	http://www.springframework.org/schema/beans/spring-beans-4.0.xsd
	http://www.springframework.org/schema/tx
	http://www.springframework.org/schema/tx/spring-tx-4.0.xsd">
	<tx:annotation-driven />
	
	<!--THIS IS FOR FIRST DATABASES-->

	<bean id="hibernateSessionFactory" class="org.springframework.orm.hibernate5.LocalSessionFactoryBean">
		<property name="dataSource" >
	<bean id="source1" class="com.mchange.v2.c3p0.ComboPooledDataSource">
		<property name="driverClass" value="${jdbc.driverClassName}" />
		<property name="jdbcUrl" value="${jdbc.url}" />
		<property name="user" value="${jdbc.username}" />
		<property name="password" value="${jdbc.password}" />
		<property name="minPoolSize" value="${hibernate.c3p0.min_size}" />
		<property name="acquireIncrement" value="${hibernate.c3p0.acquireIncrement}" />
		<property name="maxPoolSize" value="${hibernate.c3p0.max_size}" />
		<property name="maxStatements" value="${hibernate.c3p0.max_statements}" />
		<property name="preferredTestQuery" value="${hibernate.c3p0.preferredTestQuery}" />
		<property name="checkoutTimeout" value="${hibernate.c3p0.checkoutTimeout}" />
		<property name="idleConnectionTestPeriod" value="${hibernate.c3p0.idleConnectionTestPeriod}" />
		<property name="testConnectionOnCheckin" value="${hibernate.c3p0.testConnectionOnCheckin}" />
		<property name="testConnectionOnCheckout" value="${hibernate.c3p0.testConnectionOnCheckout}" />
		<property name="unreturnedConnectionTimeout"
			value="${hibernate.c3p0.unreturnedConnectionTimeout}" />
		<property name="debugUnreturnedConnectionStackTraces"
			value="${hibernate.c3p0.debugUnreturnedConnectionStackTraces}" />
	</bean>
	</property>
	
	<property name="hibernateProperties">
			<props>
				<prop key="hibernate.dialect">${hibernate.dialect}</prop>
				<prop key="hibernate.show_sql">${hibernate.show_sql}</prop>
				<prop key="hibernate.generate_statistics">${hibernate.generate_statistics}</prop>
				<prop key="hibernate.hbm2ddl.auto">${hibernate.hbm2ddl.auto}</prop>
				<prop key="hibernate.jdbc.batch_size">${hibernate.jdbc.batch_size}</prop>
				<prop key="hibernate.order_inserts">${hibernate.order_inserts}</prop>
				<prop key="hibernate.order_updates">${hibernate.order_updates}</prop>
				<prop key="org.hibernate.stat">${org.hibernate.stat}</prop>
			</props>
		</property>	
	</bean>
	
	
	
	
	<!--THIS IS FOR SECOND DATABASES STARTS-->
	
	<bean id="hibernateSessionFactory2" class="org.springframework.orm.hibernate5.LocalSessionFactoryBean">
	<property name="dataSource" >
	 <bean id="source2" class="com.mchange.v2.c3p0.ComboPooledDataSource">
		<property name="driverClass" value="${jdbc.driverClassName}" />
		<property name="jdbcUrl" value="${jdbc.url2}" />
		<property name="user" value="${jdbc.username2}" />
		<property name="password" value="${jdbc.password2}" />
		<property name="minPoolSize" value="${hibernate.c3p0.min_size}" />
		<property name="acquireIncrement" value="${hibernate.c3p0.acquireIncrement}" />
		<property name="maxPoolSize" value="${hibernate.c3p0.max_size}" />
		<property name="maxStatements" value="${hibernate.c3p0.max_statements}" />
		<property name="preferredTestQuery" value="${hibernate.c3p0.preferredTestQuery}" />
		<property name="checkoutTimeout" value="${hibernate.c3p0.checkoutTimeout}" />
		<property name="idleConnectionTestPeriod" value="${hibernate.c3p0.idleConnectionTestPeriod}" />
		<property name="testConnectionOnCheckin" value="${hibernate.c3p0.testConnectionOnCheckin}" />
		<property name="testConnectionOnCheckout" value="${hibernate.c3p0.testConnectionOnCheckout}" />
		<property name="unreturnedConnectionTimeout"
			value="${hibernate.c3p0.unreturnedConnectionTimeout}" />
		<property name="debugUnreturnedConnectionStackTraces"
			value="${hibernate.c3p0.debugUnreturnedConnectionStackTraces}" />
	</bean> 
	</property>
	
		<property name="hibernateProperties">
			<props>
				<prop key="hibernate.dialect">${hibernate.dialect}</prop>
				<prop key="hibernate.show_sql">${hibernate.show_sql}</prop>
				<prop key="hibernate.generate_statistics">${hibernate.generate_statistics}</prop>
				<prop key="hibernate.hbm2ddl.auto">${hibernate.hbm2ddl.auto}</prop>
				<prop key="hibernate.jdbc.batch_size">${hibernate.jdbc.batch_size}</prop>
				<prop key="hibernate.order_inserts">${hibernate.order_inserts}</prop>
				<prop key="hibernate.order_updates">${hibernate.order_updates}</prop>
				<prop key="org.hibernate.stat">${org.hibernate.stat}</prop>
			</props>
		</property>
		
		<property name="packagesToScan" value="com.qc.entity"></property>
	
	</bean>
	
		<!--THIS IS FOR Third DATABASES STARTS-->
	
	<bean id="hibernateSessionFactory3" class="org.springframework.orm.hibernate5.LocalSessionFactoryBean">
	<property name="dataSource" >
	 <bean id="source3" class="com.mchange.v2.c3p0.ComboPooledDataSource">
		<property name="driverClass" value="${jdbc.driverClassName}" />
		<property name="jdbcUrl" value="${jdbc.url3}" />
		<property name="user" value="${jdbc.username3}" />
		<property name="password" value="${jdbc.password3}" />
		<property name="minPoolSize" value="${hibernate.c3p0.min_size}" />
		<property name="acquireIncrement" value="${hibernate.c3p0.acquireIncrement}" />
		<property name="maxPoolSize" value="${hibernate.c3p0.max_size}" />
		<property name="maxStatements" value="${hibernate.c3p0.max_statements}" />
		<property name="preferredTestQuery" value="${hibernate.c3p0.preferredTestQuery}" />
		<property name="checkoutTimeout" value="${hibernate.c3p0.checkoutTimeout}" />
		<property name="idleConnectionTestPeriod" value="${hibernate.c3p0.idleConnectionTestPeriod}" />
		<property name="testConnectionOnCheckin" value="${hibernate.c3p0.testConnectionOnCheckin}" />
		<property name="testConnectionOnCheckout" value="${hibernate.c3p0.testConnectionOnCheckout}" />
		<property name="unreturnedConnectionTimeout"
			value="${hibernate.c3p0.unreturnedConnectionTimeout}" />
		<property name="debugUnreturnedConnectionStackTraces"
			value="${hibernate.c3p0.debugUnreturnedConnectionStackTraces}" />
	</bean> 
	</property>
	
		<property name="hibernateProperties">
			<props>
				<prop key="hibernate.dialect">${hibernate.dialect}</prop>
				<prop key="hibernate.show_sql">${hibernate.show_sql}</prop>
				<prop key="hibernate.generate_statistics">${hibernate.generate_statistics}</prop>
				<prop key="hibernate.hbm2ddl.auto">${hibernate.hbm2ddl.auto}</prop>
				<prop key="hibernate.jdbc.batch_size">${hibernate.jdbc.batch_size}</prop>
				<prop key="hibernate.order_inserts">${hibernate.order_inserts}</prop>
				<prop key="hibernate.order_updates">${hibernate.order_updates}</prop>
				<prop key="org.hibernate.stat">${org.hibernate.stat}</prop>
			</props>
		</property>
	
	</bean>
	
	<!--THIS IS FOR Fourth DATABASES STARTS-->
	<bean id="hibernateSessionFactory4" class="org.springframework.orm.hibernate5.LocalSessionFactoryBean">
	<property name="dataSource" >
	<bean id="source4"  class="com.mchange.v2.c3p0.ComboPooledDataSource">
		<property name="driverClass" value="${jdbc.driverClassName}" />
		<property name="jdbcUrl" value="${jdbc.url.sitm}" />
		<property name="user" value="${jdbc.username.sitm}" />
		<property name="password" value="${jdbc.password.sitm}" />
		<property name="minPoolSize" value="${hibernate.c3p0.min_size}" />
		<property name="acquireIncrement" value="${hibernate.c3p0.acquireIncrement}" />
		<property name="maxPoolSize" value="${hibernate.c3p0.max_size}" />
		<property name="maxStatements" value="${hibernate.c3p0.max_statements}" />
		<property name="preferredTestQuery" value="${hibernate.c3p0.preferredTestQuery}" />
		<property name="checkoutTimeout" value="${hibernate.c3p0.checkoutTimeout}" />
		<property name="idleConnectionTestPeriod" value="${hibernate.c3p0.idleConnectionTestPeriod}" />
		<property name="testConnectionOnCheckin" value="${hibernate.c3p0.testConnectionOnCheckin}" />
		<property name="testConnectionOnCheckout" value="${hibernate.c3p0.testConnectionOnCheckout}" />
		<property name="unreturnedConnectionTimeout" value="${hibernate.c3p0.unreturnedConnectionTimeout}" />
		<property name="debugUnreturnedConnectionStackTraces" value="${hibernate.c3p0.debugUnreturnedConnectionStackTraces}" />
	</bean>
	</property>
		<property name="hibernateProperties">
			<props>
				<prop key="hibernate.dialect">${hibernate.dialect}</prop>
				<prop key="hibernate.show_sql">${hibernate.show_sql}</prop>
				<prop key="hibernate.generate_statistics">${hibernate.generate_statistics}</prop>
				<prop key="hibernate.hbm2ddl.auto">${hibernate.hbm2ddl.auto}</prop>
				<prop key="hibernate.jdbc.batch_size">${hibernate.jdbc.batch_size}</prop>
				<prop key="hibernate.order_inserts">${hibernate.order_inserts}</prop>
				<prop key="hibernate.order_updates">${hibernate.order_updates}</prop>
				<prop key="org.hibernate.stat">${org.hibernate.stat}</prop>
			</props>
		</property>
		<property name="packagesToScan" value="com.qc"></property>
	</bean>
	
	<!--THIS IS FOR Fifth DATABASES STARTS-->
	<bean id="hibernateSessionFactory5" class="org.springframework.orm.hibernate5.LocalSessionFactoryBean">
	<property name="dataSource" >
	<bean id="source5"  class="com.mchange.v2.c3p0.ComboPooledDataSource">
		<property name="driverClass" value="${jdbc.driverClassName}" />
		<property name="jdbcUrl" value="${jdbc.url5}" />
		<property name="user" value="${jdbc.username5}" />
		<property name="password" value="${jdbc.password5}" />
		<property name="minPoolSize" value="${hibernate.c3p0.min_size}" />
		<property name="acquireIncrement" value="${hibernate.c3p0.acquireIncrement}" />
		<property name="maxPoolSize" value="${hibernate.c3p0.max_size}" />
		<property name="maxStatements" value="${hibernate.c3p0.max_statements}" />
		<property name="preferredTestQuery" value="${hibernate.c3p0.preferredTestQuery}" />
		<property name="checkoutTimeout" value="${hibernate.c3p0.checkoutTimeout}" />
		<property name="idleConnectionTestPeriod" value="${hibernate.c3p0.idleConnectionTestPeriod}" />
		<property name="testConnectionOnCheckin" value="${hibernate.c3p0.testConnectionOnCheckin}" />
		<property name="testConnectionOnCheckout" value="${hibernate.c3p0.testConnectionOnCheckout}" />
		<property name="unreturnedConnectionTimeout" value="${hibernate.c3p0.unreturnedConnectionTimeout}" />
		<property name="debugUnreturnedConnectionStackTraces" value="${hibernate.c3p0.debugUnreturnedConnectionStackTraces}" />
	</bean>
	</property>
		<property name="hibernateProperties">
			<props>
				<prop key="hibernate.dialect">${hibernate.dialect}</prop>
				<prop key="hibernate.show_sql">${hibernate.show_sql}</prop>
				<prop key="hibernate.generate_statistics">${hibernate.generate_statistics}</prop>
				<prop key="hibernate.hbm2ddl.auto">${hibernate.hbm2ddl.auto}</prop>
				<prop key="hibernate.jdbc.batch_size">${hibernate.jdbc.batch_size}</prop>
				<prop key="hibernate.order_inserts">${hibernate.order_inserts}</prop>
				<prop key="hibernate.order_updates">${hibernate.order_updates}</prop>
				<prop key="org.hibernate.stat">${org.hibernate.stat}</prop>
			</props>
		</property>
		<property name="packagesToScan" value="com.qc"></property>
	</bean>
	
		<!--THIS IS FOR SIXTH DATABASES STARTS-->
    <bean id="hibernateSessionFactory6" class="org.springframework.orm.hibernate5.LocalSessionFactoryBean">
	<property name="dataSource" >
	<bean id="source5"  class="com.mchange.v2.c3p0.ComboPooledDataSource">
		<property name="driverClass" value="${jdbc.driverClassName}" />
		<property name="jdbcUrl" value="${jdbc.url6}" />
		<property name="user" value="${jdbc.username6}" />
		<property name="password" value="${jdbc.password6}" />
		<property name="minPoolSize" value="${hibernate.c3p0.min_size}" />
		<property name="acquireIncrement" value="${hibernate.c3p0.acquireIncrement}" />
		<property name="maxPoolSize" value="${hibernate.c3p0.max_size}" />
		<property name="maxStatements" value="${hibernate.c3p0.max_statements}" />
		<property name="preferredTestQuery" value="${hibernate.c3p0.preferredTestQuery}" />
		<property name="checkoutTimeout" value="${hibernate.c3p0.checkoutTimeout}" />
		<property name="idleConnectionTestPeriod" value="${hibernate.c3p0.idleConnectionTestPeriod}" />
		<property name="testConnectionOnCheckin" value="${hibernate.c3p0.testConnectionOnCheckin}" />
		<property name="testConnectionOnCheckout" value="${hibernate.c3p0.testConnectionOnCheckout}" />
		<property name="unreturnedConnectionTimeout" value="${hibernate.c3p0.unreturnedConnectionTimeout}" />
		<property name="debugUnreturnedConnectionStackTraces" value="${hibernate.c3p0.debugUnreturnedConnectionStackTraces}" />
	</bean>
	</property>
		<property name="hibernateProperties">
			<props>
				<prop key="hibernate.dialect">${hibernate.dialect}</prop>
				<prop key="hibernate.show_sql">${hibernate.show_sql}</prop>
				<prop key="hibernate.generate_statistics">${hibernate.generate_statistics}</prop>
				<prop key="hibernate.hbm2ddl.auto">${hibernate.hbm2ddl.auto}</prop>
				<prop key="hibernate.jdbc.batch_size">${hibernate.jdbc.batch_size}</prop>
				<prop key="hibernate.order_inserts">${hibernate.order_inserts}</prop>
				<prop key="hibernate.order_updates">${hibernate.order_updates}</prop>
				<prop key="org.hibernate.stat">${org.hibernate.stat}</prop>
			</props>
		</property>
	</bean>  
	
	<!--THIS IS FOR Sixth DATABASES STARTS-->
	
	<!-- <bean id="hibernateSessionFactoryEappAnalytic" class="org.springframework.orm.hibernate5.LocalSessionFactoryBean">
		<property name="dataSource" >
		<bean id="source6"  class="com.mchange.v2.c3p0.ComboPooledDataSource">
		<property name="driverClass" value="${jdbc.driverClassName}" />
		<property name="jdbcUrl" value="${jdbc.url.eapp.analytic}" />
		<property name="user" value="${jdbc.username.eapp.analytic}" />
		<property name="password" value="${jdbc.password.eapp.analytic}" />
		<property name="minPoolSize" value="${hibernate.c3p0.min_size_eappanalytic}" />
		<property name="acquireIncrement" value="${hibernate.c3p0.acquireIncrement}" />
		<property name="maxPoolSize" value="${hibernate.c3p0.max_size_eappanalytic}" />
		<property name="maxStatements" value="${hibernate.c3p0.max_statements}" />
		<property name="preferredTestQuery" value="${hibernate.c3p0.preferredTestQuery}" />
		<property name="checkoutTimeout" value="${hibernate.c3p0.checkoutTimeout}" />
		<property name="idleConnectionTestPeriod" value="${hibernate.c3p0.idleConnectionTestPeriod}" />
		<property name="testConnectionOnCheckin" value="${hibernate.c3p0.testConnectionOnCheckin}" />
		<property name="testConnectionOnCheckout" value="${hibernate.c3p0.testConnectionOnCheckout}" />
		<property name="unreturnedConnectionTimeout" value="${hibernate.c3p0.unreturnedConnectionTimeout}" />
		<property name="debugUnreturnedConnectionStackTraces" value="${hibernate.c3p0.debugUnreturnedConnectionStackTraces}" />
	    </bean>
		</property>
		<property name="hibernateProperties">
			<props>
				<prop key="hibernate.dialect">${hibernate.dialect}</prop>
				<prop key="hibernate.show_sql">${hibernate.show_sql}</prop>
				<prop key="hibernate.generate_statistics">${hibernate.generate_statistics}</prop>
				<prop key="hibernate.hbm2ddl.auto">${hibernate.hbm2ddl.auto}</prop>
				<prop key="hibernate.jdbc.batch_size">${hibernate.jdbc.batch_size}</prop>
				<prop key="hibernate.order_inserts">${hibernate.order_inserts}</prop>
				<prop key="hibernate.order_updates">${hibernate.order_updates}</prop>
				<prop key="org.hibernate.stat">${org.hibernate.stat}</prop>
			</props>
		</property>
		<property name="packagesToScan" value="com.qc"></property>
	</bean>   -->
	
	</beans>
