<?xml version="1.0" encoding="UTF-8"?>
<Configuration monitorInterval="60">

<!-- Server Configuration -->

	<Properties>
		<Property name="log-path">/mount_log/utility</Property> 
	</Properties>
	<Appenders>
		<RollingRandomAccessFile  name="RollingFile-Appender" fileName="${log-path}/utility.log"
			filePattern="${log-path}/utility_%d{yyyy-MM-dd-hh-mm}.log">
			<PatternLayout
				pattern="[%-5level] %d{dd-MM-yyyy HH:mm:ss.SSS} [%t] %x %c{1} - %msg%n" />
			<Policies>
				<SizeBasedTriggeringPolicy size="10MB" />
			</Policies>
		</RollingRandomAccessFile >
	</Appenders>

	<Loggers>
		<AsyncLogger name="org.springframework.web" level="info" additivity="false" includeLocation="true">
			<AppenderRef ref="RollingFile-Appender" />
		</AsyncLogger>
		<AsyncLogger name="org.hibernate" level="info" additivity="false" includeLocation="true">
			<AppenderRef ref="RollingFile-Appender" />
		</AsyncLogger>
		<AsyncLogger name="com.qc" level="info" additivity="false" includeLocation="true">
			<AppenderRef ref="RollingFile-Appender" />
		</AsyncLogger>
		<Root>
			<AppenderRef ref="RollingFile-Appender" />
		</Root>
	</Loggers>



<!-- Development Configuration -->
<!-- 
	<Properties>
		<Property name="log-path">C:\\LOGS</Property>
	</Properties>
	<Appenders>
		<Console name="Console-Appender" target="SYSTEM_OUT">
			<PatternLayout>
				<pattern>
					[%-5level] %d{yyyy-MM-dd HH:mm:ss.SSS} [%t] %x %c{1} - %msg%n
				</pattern>
				<Policies>
					<SizeBasedTriggeringPolicy size="10MB" />
				</Policies>
			</PatternLayout>
		</Console>
		<RollingFile name="App-File-Appender" fileName="${log-path}/mliclient_pool.log"
			filePattern="${archive}/mliclient_pool_%d{yyyy-MM-dd-hh-mm}.gz">
			<PatternLayout
				pattern="[%-5level] %d{yyyy-MM-dd HH:mm:ss.SSS} [%t] %x %c{1} - %msg%n" />
			<Policies>
					<SizeBasedTriggeringPolicy size="10MB" />
			</Policies>
		</RollingFile>
		<RollingFile name="Boot-File-Appender" fileName="${log-path}/mliclient_pool_spr.log"
			filePattern="${archive}/mliclient_pool_spr_%d{yyyy-MM-dd-hh-mm}.gz">
			<PatternLayout
				pattern="[%-5level] %d{yyyy-MM-dd HH:mm:ss.SSS} [%t] %x %c{1} - %msg%n" />
			<Policies>
					<SizeBasedTriggeringPolicy size="10MB" />
			</Policies>
		</RollingFile>
	</Appenders>
	
	<Loggers>
		<Logger name="org.springframework.web" level="info" additivity="false">
			<AppenderRef ref="Boot-File-Appender" />
			<AppenderRef ref="Console-Appender" />
		</Logger>
		<Logger name="com.qc" level="info" additivity="false">
			<AppenderRef ref="App-File-Appender" />
			<AppenderRef ref="Console-Appender" />
		</Logger>
		<Logger name="org.hibernate" level="info" additivity="false">
			<AppenderRef ref="Boot-File-Appender" />
			<AppenderRef ref="Console-Appender" />
		</Logger>
		<Root>
			<AppenderRef ref="App-File-Appender" />
			<AppenderRef ref="Boot-File-Appender" />
			<AppenderRef ref="Console-Appender" />
		</Root>
	</Loggers> 

 -->
</Configuration>